Category,Question,Answer
General,What is the company's dress code policy?,"The company has a business casual dress code from Monday to Thursday. On Fridays, employees can dress in casual attire. However, ensure your clothing is always neat and professional."
General,What are the company’s working hours?,"Our standard working hours are from 9 AM to 5 PM, Monday to Friday. However, flexible working arrangements can be discussed with your manager."
General,How do I report a workplace issue or grievance?,You can report workplace issues or grievances through our HR portal or directly contact the HR department. We have a confidential reporting system to ensure your concerns are addressed appropriately.
Procedures,What is the procedure for requesting leave?,"To request leave, log into the HR system, navigate to the 'Leave Requests' section, fill out the required details, and submit the form. Your manager will review and approve or deny your request."
Procedures,How do I book a meeting room?,"Meeting rooms can be booked through our internal calendar system. Select the room you want to book, choose the date and time, and confirm the reservation."
Procedures,What is the process for expense reimbursement?,Submit your expense claims through the Expense Management System. Attach all relevant receipts and documentation. Claims will be reviewed and approved by your manager and the finance department.
Technical Setup,How do I set up my company email?,"To set up your company email, follow the steps outlined in the 'Email Setup Guide' available in the IT documentation. For assistance, you can contact the IT helpdesk."
Technical Setup,How do I access the company's VPN?,"Install the VPN client software provided in the IT resources section. Follow the setup instructions and use your company credentials to log in. If you encounter issues, reach out to the IT support team."
Technical Setup,"What software tools are required for my role, and how do I install them?","Your role-specific software tools are listed in the 'New Employee IT Setup' document. You can download and install them from the company’s software repository. For installation help, contact IT support."
Policy FAQ,Where can I find the employee handbook?,The employee handbook is available on the company’s intranet under the 'Resources' section. You can also request a printed copy from HR.
Policy FAQ,How do I access company policies on data protection and privacy?,Data protection and privacy policies are available on the company’s intranet under 'Policies & Procedures'. You can also contact the compliance officer for more details.
Policy FAQ,What are the company's cybersecurity policies?,Our cybersecurity policies can be found in the 'IT Security' section on the intranet. These policies outline best practices and mandatory procedures to protect company data.
Rerouting Questions,Who do I contact for technical issues with my computer?,"For technical issues, contact the IT helpdesk at ithelpdesk@company.com or call extension 1234."
Rerouting Questions,Who should I speak to about career development opportunities?,"For career development discussions, you can schedule a meeting with your manager or contact the HR department for guidance."
Rerouting Questions,How do I find out about the company’s training programs?,Information on training programs is available on the intranet under 'Learning & Development'. You can also contact the training coordinator for details.
Policy FAQ,How do I find information about the company’s leave policy?,You can find detailed information about our leave policy in the Policy FAQ section of the onboarding tool. Simply search for 'leave policy' or navigate to the 'HR Policies' category.
Policy FAQ,What is the company's policy on remote work?,"Our remote work policy is available under the 'Workplace Policies' category in the Policy FAQ. It outlines eligibility, procedures for requesting remote work, and expectations for remote employees."
Policy FAQ,"How often are company policies updated, and how will I be informed of any changes?",Company policies are reviewed and updated annually or as needed. You will receive notifications through the onboarding tool and via email whenever there are significant changes to any policies.
Technical Setup,How do I set up my company email on my mobile device?,"To set up your company email on your mobile device, follow these steps:
1. Open your email app and select 'Add Account.'
2. Enter your company email address and password.
3. Follow the on-screen instructions to complete the setup.
4. For detailed instructions, refer to the 'Email Setup Guide' in the Technical Setup Assistance section."
Technical Setup,What should I do if I encounter issues accessing the company VPN?,"If you have trouble accessing the VPN, check the following:
1. Ensure you have installed the VPN client correctly.
2. Verify your internet connection.
3. Restart your device.
4. If the problem persists, use the troubleshooting guide in the Technical Setup Assistance section or contact the IT helpdesk."
Technical Setup,How can I install necessary software for my role?,"Necessary software can be installed from the company’s software repository. Follow these steps:
1. Access the software repository through the onboarding tool.
2. Select the software required for your role from the list.
3. Download and run the installer.
4. For step-by-step guidance, refer to the 'Software Installation Guide' in the Technical Setup Assistance section."
Personalized Onboarding Paths,How is my personalized onboarding path determined?,"Your personalized onboarding path is based on your role, department, and any specific requirements identified during your hiring process. The onboarding tool will guide you through relevant tasks, resources, and training modules tailored to your needs."
Personalized Onboarding Paths,Can I customize my onboarding path?,"Yes, you can customize your onboarding path by selecting additional resources and training modules that interest you or are recommended by your manager. The onboarding tool allows for flexibility to suit your learning pace and preferences."
Personalized Onboarding Paths,How can I track my onboarding progress?,"You can track your onboarding progress through the dashboard in the onboarding tool. It displays completed tasks, upcoming activities, and overall progress. You will also receive reminders for pending tasks."
Integration with HR Systems,How does the onboarding tool integrate with the HR system?,"The onboarding tool integrates with the HR system by syncing employee data, such as contact information, role details, and leave balances. This ensures that all your information is up-to-date and accessible within the tool."
Integration with HR Systems,Can I submit leave requests through the onboarding tool?,"Yes, you can submit leave requests directly through the onboarding tool. Navigate to the 'Leave Requests' section, fill in the necessary details, and submit your request. Your manager will be notified for approval."
Integration with HR Systems,How is my performance review managed through the onboarding tool?,"Your performance reviews are scheduled and tracked through the onboarding tool. You will receive notifications for upcoming reviews, and you can access performance feedback and development plans within the tool."
Interactive Training,What types of training modules are available in the onboarding tool?,"The onboarding tool offers various training modules, including:
- Company culture and values
- Role-specific skills and tools
- Compliance and regulatory training
- Cybersecurity awareness
- Professional development courses"
Interactive Training,How do I access and complete training modules?,"Access training modules through the 'Training' section of the onboarding tool. Select the module you need, and follow the instructions to complete it. Each module includes interactive content, quizzes, and assessments."
Interactive Training,Are there live training sessions available?,"Yes, the onboarding tool includes schedules for live virtual workshops and training sessions. You can register for these sessions through the 'Training' section. Recordings of past sessions are also available for review."
Working in Germany,What are the standard working hours in Germany?,"In Germany, the standard working hours are typically 8 hours per day, adding up to a maximum of 48 hours per week. However, most employees work 35-40 hours per week. Working hours are regulated by the Working Hours Act (Arbeitszeitgesetz)."
Working in Germany,What public holidays are observed in Germany?,"Public holidays in Germany vary by state, but some common nationwide holidays include: New Year's Day (January 1), Good Friday (variable), Easter Monday (variable), Labour Day (May 1), Ascension Day (variable), Whit Monday (variable), German Unity Day (October 3), Christmas Day (December 25), and Boxing Day (December 26). You can check the specific holidays for your state through the onboarding tool's 'Public Holidays' section."
Working in Germany,How is overtime regulated in Germany?,Overtime in Germany is generally compensated either by additional pay or time off in lieu. The specific terms should be outlined in your employment contract or company policies. Overtime is regulated to ensure it does not exceed a weekly maximum working time of 48 hours on average over a six-month period.
Working in Germany,What are the health insurance requirements in Germany?,"Health insurance is mandatory for all residents in Germany. Employees are automatically enrolled in the statutory health insurance system (Gesetzliche Krankenversicherung), but you can also opt for private health insurance if your income exceeds a certain threshold. The onboarding tool provides resources to help you understand and choose your health insurance options."
Working in Germany,What is the social security system in Germany?,"The German social security system includes health insurance, long-term care insurance, pension insurance, unemployment insurance, and accident insurance. Contributions to these insurances are deducted from your salary, with both you and your employer contributing. The onboarding tool can provide a detailed breakdown of these contributions."
Working in Germany,What should be included in my employment contract?,"Your employment contract should include details such as: Job title and description, Salary and payment schedule, Working hours and overtime regulations, Duration of the contract (fixed-term or permanent), Notice periods for termination, Holiday entitlement, and Details of health and social security contributions. The onboarding tool offers a guide to understanding employment contracts in Germany."
Working in Germany,What are my rights regarding vacation leave in Germany?,"Employees in Germany are entitled to a minimum of 24 working days of paid vacation per year, based on a six-day working week. For a five-day working week, this translates to 20 days. Your employment contract or company policy may offer additional leave. Vacation leave is regulated by the Federal Holiday Act (Bundesurlaubsgesetz)."
Working in Germany,How do I handle workplace disputes in Germany?,"Workplace disputes can be addressed through several channels: Speak directly with your manager or HR department, Utilize the works council (Betriebsrat) if available, Seek mediation or legal advice if necessary. The onboarding tool provides resources and contacts for handling disputes."
Working in Germany,How is income tax structured in Germany?,"Income tax in Germany is progressive, meaning the tax rate increases with higher income. The rates range from 0% to 45%. Your employer will withhold income tax (Lohnsteuer) from your salary each month. You may need to file an annual tax return to settle your final tax liability."
Working in Germany,"What is the church tax, and am I required to pay it?","The church tax (Kirchensteuer) is levied on members of certain religious communities, typically around 8-9% of your income tax. You can choose to declare or opt-out of this tax based on your religious affiliation when you register your residence in Germany."
Working in Germany,What is the typical approach to work-life balance in Germany?,"Germany places a strong emphasis on work-life balance. Employers are generally supportive of flexible working hours, remote work arrangements, and ensuring employees take their full vacation entitlements. Cultural norms also prioritize leisure time and family life."
Working in Germany,Are there any cultural aspects of working in Germany I should be aware of?,"Some key cultural aspects include: Punctuality - Being on time for work and meetings is highly valued, Direct communication - Germans tend to communicate directly and honestly, Work ethic - There is a strong emphasis on efficiency, quality, and thoroughness, Hierarchical structure - Respect for hierarchy and clear organizational structures is common. The onboarding tool includes a section on cultural tips for working in Germany."
